ID, Type, First Name, Last Name, Email, Number
1, Customer, Sandra, Steinke, poxex33046@whipjoy.com, 770-279-0349
2, Customer, David, Hughes, ybrayan.herrera.q@tratrek.com, 906-253-5191
3, Customer, Tammy, Brewton, wellne.b@yizuchegroup.com, 510-283-9512
4, Customer, Anthony, Carter, 8mester@rivaloo.com, 574-440-4160
5, Customer, Charles, Kemp, ghichem201@mracc.it, 408-663-2012
6, Staff, Deborah, Palmer, 7callumbruce1997v@bitsharesbts.com, 319-578-8283
7, Staff, Clarence, Hinkle, zleshia4@johonkemana.com, 620-805-9233
8, Staff, Kevin, Bennett, 1ahmed.bebo.5268@cerdikiawan.me, 339-645-1749
9, Admin, Ann, Cotta, tayoub.teznin.3r@grainscooker.com, 603-975-5163
10, Admin, Patricia, Sims, mqueen.ofhearts.c@bambase.com, 313-767-1930